ACCELEROMETER X (m/s^2),ACCELEROMETER Y (m/s^2),ACCELEROMETER Z (m/s^2),LOCATION Speed (Kmh),Time in ms
1.9405,1.7873,8.7221,0,16
2.0267,2.2242,9.1075,0,516
2.0195,2.1967,9.1219,0,1016
1.889,2.211,8.9579,0,1516
1.9692,1.8878,9.5098,0,2016
2.9485,1.7753,8.0457,0,2516
-0.7338,2.496,9.8605,0,3016
-7.1563,-0.1927,10.7272,0,3515
-0.2286,3.5662,8.2768,0,4016
-0.4956,4.4772,8.8131,0,4516
-0.2179,3.0478,8.2468,0,5016
0.0611,2.6181,6.2369,0,5516
1.2498,4.1049,12.4068,0,6016
-2.0291,2.3463,8.8825,0,6515
-2.5055,-0.0395,8.594,0,7016
-1.0546,-1.1899,10.2747,0,7516
-1.3611,-1.1612,9.3996,0,8015
-1.2653,-1.1672,9.4379,0,8516
-1.3755,-1.2175,9.5421,0,9016
-1.2857,-1.2665,9.3996,0,9516
-1.3024,-1.1636,9.4439,0,10016
-1.3683,-1.1492,9.4763,0,10516
-1.3874,-1.1696,9.5122,0,11016
-1.3946,-1.2234,9.3829,0,11516
-1.4281,-1.2582,9.4583,0,12016
-1.4269,-1.1337,9.3781,0,12516
-1.2414,-1.2366,9.4595,0,13016
-1.4078,-1.2546,9.5385,0,13516
-1.3982,-1.2222,9.4846,0,14016
-1.3743,-1.2366,9.4954,0,14515
-1.1349,-1.2019,9.4224,0,15016
-1.4281,-1.1241,9.4152,0,15516
-1.3623,-1.1947,9.5337,0,16016
-1.3647,-1.2378,9.4619,0,16516
-1.3731,-1.154,9.5337,0,17015
-1.3623,-1.1863,9.4834,0,17515
-1.3755,-1.233,9.4882,0,18016
-1.3312,-1.1983,9.4056,0,18516
-1.4844,-1.2821,9.3889,0,19017
-1.4593,-1.1624,9.663,0,19516
-1.3791,-1.2019,9.6223,0,20016
-1.2749,-1.0786,9.5086,0,20516
-1.4892,-1.2043,9.5445,0,21016
-1.4832,-1.1791,9.5289,0,21516
-1.4784,-1.2857,9.4942,0,22016
-1.409,-1.1696,9.3829,0,22516
-1.5048,-1.2175,9.4751,0,23016
-1.4305,-1.2426,9.4894,0,23516
-1.312,-1.2007,9.4355,0,24016
-1.3922,-1.1815,9.4655,0,24516
-1.2893,-1.1827,9.4164,0,25016
-1.4856,-1.1636,9.4667,0,25516
-1.245,-1.1911,9.4499,0,26016
-1.2977,-1.2486,9.4439,0,26515
-1.4868,-1.2067,9.4942,0,27016
-1.385,-1.2965,9.5385,0,27515
-1.3695,-1.6628,9.3374,0,28016
-1.4964,-1.9692,9.4439,0,28516
-1.3599,-1.664,9.487,0,29016
-1.3479,-1.8375,9.3853,0,29516
-1.5203,-2.0818,9.2955,0,30016
-1.3671,-1.4856,9.1794,0,30516
-1.482,-1.3443,9.262,0,31016
-0.8356,-1.3707,8.5677,0,31516
-0.9146,-1.336,9.7061,0,32016
-1.5874,-1.142,12.5899,0,32516
-1.4246,-0.9601,9.7504,0,33016
-0.3005,-1.4832,9.3158,0,33516
-0.3675,-1.6975,9.4583,0,34016
-0.7901,-0.6764,9.3434,0,34516
-0.8859,0.3232,9.5589,0,35016
-1.2103,0.0826,9.6367,0,35516
-1.2953,-0.0646,9.6319,0,36016
-1.4162,-1.5335,9.3326,0,36516
-1.3982,-1.2019,9.5086,0,37016
-1.4449,0.4262,9.9323,0,37516
-1.6879,-0.2646,9.9563,0,38016
-1.8064,-0.4812,9.3266,0,38516
-2.1787,-0.5004,9.5158,0,39016
-2.5079,-0.4082,9.7995,0,39517
-2.5726,-0.0862,8.8131,0,40016
-2.7509,-0.3196,9.3051,0,40516
-1.7741,-0.5818,8.6143,0,41015
-1.9908,-0.407,10.0844,0,41516
-2.7809,-0.3747,9.6415,0,42016
-2.5606,0.2945,9.7324,16.09,42516
-2.6815,-0.3124,10.0592,16.09,43016
-2.4684,-0.1401,7.944,16.09,43516
-1.5119,-0.0802,9.5181,16.09,44016
-1.7107,-0.4741,10.2316,16.09,44516
-2.0662,0.3077,9.5062,16.09,45015
-1.0475,-0.5076,10.2412,16.09,45515
-1.5024,-0.0862,10.6566,16.09,46015
-2.2422,-0.9002,8.1642,16.09,46516
-1.8531,-0.2957,7.9248,16.09,47016
-1.5275,-0.9373,9.5241,16.09,47516
-1.4724,-0.644,10.9403,16.09,48016
-1.0523,-0.6321,10.337,16.09,48515
-1.2186,-1.0882,9.3889,16.09,49015
-0.814,-1.0008,8.7747,16.09,49516
-2.4888,-1.4042,10.4878,16.09,50015
-1.2234,-1.1815,9.6031,16.09,50517
-1.1396,-0.5997,9.0812,16.09,51017
-1.1983,-0.6404,9.3063,16.09,51516
-1.4952,-1.0654,9.5361,16.09,52015
-2.2769,-2.0554,8.7281,16.09,52516
-1.506,-0.9002,9.1327,16.09,53016
-2.375,-0.5124,9.2213,16.09,53516
-0.8523,-0.8823,8.9088,16.09,54016
-1.8543,-1.2881,10.5297,16.09,54516
-1.6628,-2.0602,8.7664,16.09,55016
-1.6173,-1.3479,9.8857,16.09,55516
-2.4146,-1.4485,5.3882,16.09,56016
-0.9852,-1.3001,9.7827,16.09,56516
-1.2127,-1.4425,9.5708,16.09,57016
-1.9501,-1.2306,8.3438,16.09,57516
-2.4828,-0.9194,7.7895,16.09,58015
-1.992,0.2454,10.5105,50.83,58515
-1.0139,-1.2629,9.5732,50.83,59016
-1.5083,-1.3838,7.1084,50.83,59515
-1.1121,-1.8196,8.7604,50.83,60016
-2.2913,-1.312,10.7907,50.83,60515
-1.6688,-2.1536,8.2169,50.83,61016
-1.2881,-1.4808,9.0154,50.83,61516
-1.3599,-0.9182,10.7057,50.83,62015
-0.644,-1.2917,9.5972,50.83,62515
-0.9182,-1.1169,8.7005,50.83,63016
-1.6771,-2.1201,9.5589,50.83,63516
-0.9816,-0.6009,11.2312,50.83,64016
-0.9409,-1.8256,8.6969,50.83,64516
-2.8132,-2.3224,8.2109,50.83,65016
-1.3132,-2.0554,9.7372,50.83,65516
-2.1368,-2.7007,9.8426,50.83,66015
-1.239,-3.4261,8.2241,50.83,66516
-0.9852,-3.3914,8.5557,50.83,67016
-2.0877,-3.6464,8.6981,50.83,67516
-2.2158,-3.8415,8.9088,50.83,68016
-2.2362,-3.3471,9.7025,50.83,68517
-1.7382,-4.0211,8.4886,50.83,69015
-1.6628,-3.626,9.3278,50.83,69516
-1.7597,-2.8814,9.2895,50.83,70016
-1.7657,-2.6061,9.244,50.83,70516
-1.6257,-1.3024,9.4152,50.83,71016
-1.9213,-1.4257,9.396,50.83,71516
-1.4724,-1.0307,8.9914,50.83,72015
-1.8148,-0.8823,8.7352,50.83,72516
-1.3731,-0.1137,9.42,50.83,73016
-0.917,0.0898,9.7121,50.83,73516
-2.3559,0.2119,9.8833,50.83,74016
-0.6333,-0.2334,11.3377,12.71,74516
-2.9532,0.4214,9.2452,12.71,75016
-1.9297,-0.2622,9.3913,12.71,75516
-1.7849,-0.656,9.4344,12.71,76016
-2.2601,-2.1775,10.1933,12.71,76516
-3.8211,-2.6791,10.6303,12.71,77016
-3.4058,-1.9106,9.5624,12.71,77515
-3.2286,-0.723,9.3697,12.71,78016
-3.0035,-0.255,8.6754,12.71,78516
-1.8435,-0.0539,9.7803,12.71,79016
-2.5271,-0.808,9.5241,12.71,79516
-1.0942,0.0814,9.5217,12.71,80016
-1.9154,-0.4561,9.6115,12.71,80516
-1.5036,-0.8727,9.074,12.71,81015
-1.4449,-0.1125,10.0149,12.71,81516
-1.6556,-0.5291,10.5572,12.71,82016
-1.1815,-0.3244,9.5409,12.71,82516
-1.8579,-1.0546,9.1399,12.71,83016
-1.4401,-1.3838,10.1394,36.97,83516
-1.8076,-1.1109,8.4623,36.97,84016
-1.5335,-0.7841,9.9599,36.97,84516
-1.4581,-0.9086,10.228,36.97,85016
-1.5574,-1.3443,8.9615,36.97,85516
-1.8555,-0.5686,10.0497,36.97,86016
-2.4301,-0.9134,9.1973,36.97,86516
-0.7889,-0.8619,8.7293,36.97,87016
-1.2677,-0.7051,8.345,36.97,87515
-0.2945,-0.7853,9.809,36.97,88016
-2.5738,-0.8248,9.5014,36.97,88516
-1.5694,-1.9237,10.0856,36.97,89016
-1.2234,-1.968,9.0489,36.97,89516
-2.4888,-2.308,10.0533,36.97,90016
-2.4493,-1.8232,9.7109,36.97,90516
-4.1049,-1.8663,9.074,36.97,91016
-2.4924,-2.9939,10.0952,36.97,91515
-2.3774,-1.9429,9.2153,36.97,92016
-1.986,-2.1488,8.4575,36.97,92516
-1.3838,-1.8555,9.1291,36.97,93016
-1.737,-1.4617,9.9575,36.97,93516
-2.8443,-2.9652,8.3618,36.97,94016
-2.5295,-3.2848,9.5828,36.97,94516
-1.6352,-3.8966,9.4535,36.97,95016
-0.9421,-3.6799,9.3015,36.97,95516
-1.6065,-3.8858,9.0453,36.97,96016
-1.9956,-3.3399,9.2775,36.97,96516
-1.6508,-3.4405,9.42,36.97,97016
-1.7909,-3.7828,9.323,36.97,97516
-1.8483,-3.705,9.2871,36.97,98016
-1.6065,-2.9568,9.329,36.97,98516
-1.9597,-1.4114,9.4607,36.97,99016
-1.9932,-1.2306,9.5457,10.51,99516
-1.9345,0.2693,9.487,10.51,100016
-1.731,0.7242,9.4918,10.51,100516
-1.8735,0.6931,9.2153,10.51,101016
-2.1584,0.0994,9.7181,10.51,101516
-1.6388,0.1903,9.3769,10.51,102016
-1.7861,0.5638,9.3218,10.51,102515
-1.9776,-0.0156,9.2165,10.51,103016
-2.4122,-0.1891,9.9012,10.51,103516
-2.0399,0.4561,8.6251,10.51,104016
-2.745,-0.3998,8.7867,10.51,104516
-1.6723,-0.073,9.1746,10.51,105016
-1.9465,-0.5411,9.2057,10.51,105516
-2.2889,-0.6189,8.5832,10.51,106016
-1.998,-0.4741,10.2436,10.51,106516
-1.737,-0.097,10.1646,10.51,107016
-1.749,-0.2406,9.657,10.51,107516
-2.4541,-1.3108,8.6586,10.51,108016
-1.7645,-0.2418,9.2464,10.51,108516
-1.9537,-0.5076,9.0884,10.51,109016
-1.7861,-1.2534,8.8765,10.51,109516
-1.7861,-0.4477,9.5277,10.51,110016
-2.7126,-0.6656,10.5093,10.51,110516
-1.7777,-1.3503,9.3553,10.51,111016
-2.0722,-4.64,8.7532,10.51,111516
-2.2122,-5.4887,10.1215,10.51,112016
-2.3044,-5.1439,8.5736,10.51,112515
-1.8627,-5.363,8.7963,10.51,113016
-2.1368,-5.1439,8.8286,10.51,113516
-1.5371,-4.5454,9.2452,10.51,114016
-1.3934,-3.2286,9.1925,10.51,114516
-1.8172,-3.2525,9.3697,10.51,115016
-1.9022,-2.2218,9.098,11.66,115516
-1.3611,-2.2027,9.3553,11.66,116016
-1.3252,-2.0626,9.4978,11.66,116516
-1.7095,-1.8507,9.1542,11.66,117016
-1.5167,-1.9082,9.7264,11.66,117516
-1.5479,-1.2462,9.6091,11.66,118016
-1.5431,-1.2953,9.3853,11.66,118516
-1.5634,-0.929,9.487,11.66,119016
-1.5383,-1.0008,9.7492,11.66,119516
-1.4964,-0.741,9.4415,11.66,120016
-1.585,0.486,9.4607,11.66,120516
-1.7968,0.2921,10.0604,11.66,121016
-1.8854,0.978,10.8074,11.66,121516
-1.3312,0.0192,9.4248,11.66,122016
-1.6556,-0.0491,9.9144,11.66,122516
-1.9513,0.1484,9.3027,11.66,123016
-2.0758,0.5243,9.7707,11.66,123517
-1.3599,0.091,9.505,11.66,124016
-2.1632,-0.4286,9.3458,19.37,124516
-1.7406,-0.6369,8.3749,19.37,125016
-1.9154,-1.5742,9.7791,19.37,125515
-1.2031,-1.2929,9.08,19.37,126016
-1.7621,-1.7107,9.4703,19.37,126516
-1.1887,-1.6951,9.0225,19.37,127015
-1.2749,-0.012,9.505,19.37,127515
-2.1488,-0.103,9.2871,19.37,128016
-2.3296,-0.5459,9.1123,19.37,128515
-2.0614,-0.2646,9.7827,19.37,129015
-1.1827,-0.079,9.092,19.37,129516
-2.0506,-0.4166,9.4092,19.37,130016
-1.7885,-0.4118,8.3426,19.37,130516
-1.1756,-1.166,9.7719,19.37,131016
-1.306,-1.0989,10.5441,19.37,131516
-1.6005,-2.0806,9.7815,19.37,132016
-1.3791,-2.66,9.25,19.37,132516
-1.1049,-2.9604,9.1387,19.37,133016
-1.4329,-3.1232,9.068,19.37,133516
-2.3331,-3.4465,9.9778,19.37,134016
-1.5826,-2.9892,8.6969,19.37,134516
-1.6436,-3.2944,9.2919,19.37,135016
-1.3264,-4.2114,9.1063,19.37,135516
-1.9848,-4.0163,9.1877,19.37,136016
-1.828,-3.2178,9.0752,19.37,136516
-1.5586,-1.2426,9.1004,19.37,137016
-1.8866,-0.3364,9.4212,19.37,137516
-2.0997,0.8009,9.6139,19.37,138016
-1.7178,1.2989,10.1706,19.37,138516
-1.8064,0.3639,9.347,19.37,139016
-1.0427,0.9421,9.3398,19.37,139516
-2.0662,0.0072,10.5273,19.37,140016
-1.1109,0.146,9.1111,23.98,140515
-1.6831,0.6584,8.3785,23.98,141016
-3.1484,-0.8236,10.7595,23.98,141516
-1.895,0.4369,9.7456,23.98,142016
-1.6221,0.0479,9.4068,23.98,142516
-1.3587,-1.1169,8.91,23.98,143016
-1.7538,0.0754,8.9208,23.98,143516
-1.8136,-1.5347,8.6826,23.98,144017
-1.3168,-1.2713,8.7759,23.98,144516
-0.2394,-2.3894,9.2129,23.98,145016
-1.2258,-3.0861,10.6398,23.98,145515
-2.3116,-2.4134,10.8948,23.98,146016
-2.2517,-3.0574,9.7803,23.98,146515
-2.1907,-3.0885,8.6574,23.98,147015
-1.5981,-3.0442,8.9364,23.98,147515
-2.0147,-2.5103,9.5158,23.98,148015
-1.4952,-2.2829,9.5589,23.98,148516
-1.9896,-2.1332,9.7264,23.98,149015
-1.9932,-2.3655,9.0668,23.98,149516
-2.5726,-2.0099,8.5593,23.98,150016
-2.0961,-1.731,9.5984,23.98,150516
-2.3188,-1.0487,9.4786,23.98,151016
-2.2972,-0.4106,9.6307,23.98,151516
-2.5402,0.1844,8.9818,23.98,152016
-1.7633,-0.4956,9.4954,23.98,152516
-1.7154,-0.9613,9.4595,23.98,153016
-1.0834,-0.0263,9.4679,23.98,153516
-1.1744,-0.5794,8.9711,23.98,154016
-1.3084,-0.5578,10.2615,23.98,154516
-0.9098,0.3508,9.8857,23.98,155016
-0.1281,-0.0575,9.408,23.98,155515
-0.4812,-0.103,11.8764,23.98,156016
-1.1073,-0.2538,8.9076,23.98,156515
-1.2438,-0.9804,8.8849,23.98,157016
-1.0918,-1.8016,8.989,40,157516
-1.64,-1.4533,8.7293,40,158016
-0.9625,-1.6185,9.9623,40,158516
-1.1193,-1.9201,9.2452,40,159016
-1.0714,-2.1715,9.0489,40,159516
-1.1636,-1.828,10.3441,40,160016
-1.4293,-1.7107,10.0784,40,160515
-0.7242,-1.4329,8.8358,40,161016
-1.822,-1.8507,9.754,40,161516
-1.9932,-1.895,9.6798,40,162016
-1.9944,-2.6971,9.7121,40,162516
-1.9201,-2.7438,9.4487,40,163016
-1.4545,-3.2346,8.3941,40,163516
-1.6819,-3.9313,9.3218,40,164016
-1.8627,-4.6436,9.4763,40,164516
-2.0387,-4.2497,9.0824,40,165016
-1.5658,-3.9624,9.3829,40,165516
-1.8268,-1.7382,9.4403,40,166016
-1.6712,-1.1085,9.6055,40,166516
-1.8878,-0.3184,9.7935,40,167016
-1.3204,-0.1269,10.0161,40,167516
-1.9884,0.1185,9.5409,40,168016
-1.166,-0.0455,9.7097,40,168516
-1.6807,0.2119,9.2727,40,169016
-1.6759,-0.0359,9.5912,40,169516
-2.3415,-0.1197,9.5457,40,170016
-1.8675,-0.5279,9.1159,40,170516
-1.6795,-0.2849,10.1993,40,171016
-1.7813,-0.7841,8.9591,40,171516
-1.7478,-1.1313,9.5433,40,172015
-2.0889,-1.2139,8.9495,40,172516
-2.4289,-1.6688,9.7312,40,173016
-2.2757,-1.5251,8.7939,42.44,173516
-2.5786,-2.8563,9.2835,42.44,174016
-2.2733,-3.3124,9.5062,42.44,174516
-2.3571,-3.7661,8.5605,42.44,175016
-3.14,-4.385,9.0776,42.44,175517
-2.2625,-4.0079,10.6362,42.44,176016
-1.9237,-4.1503,8.278,42.44,176516
-2.4289,-3.9181,8.7029,42.44,177016
-0.2442,-3.1759,9.6271,42.44,177516
-1.2737,-2.3786,10.4064,42.44,178016
-1.1696,-2.7043,9.0369,42.44,178516
-1.6005,-2.3882,9.5229,42.44,179016
-1.5287,-2.4193,9.3254,42.44,179516
-1.5251,-1.2546,9.3817,42.44,180016
-1.1887,-0.9613,9.5205,42.44,180516
-0.5064,0.6297,10.0676,42.44,181016
0,-0.5363,9.4846,42.44,181516
0.99,-0.2346,9.566,42.44,182015
1.9656,-0.1365,9.7372,42.44,182515
2.4086,-0.3831,9.6211,42.44,183016
0.0012,1.2629,9.894,42.44,183516
-2.2769,0.8942,9.3865,42.44,184016
-1.8316,0.8763,8.3761,42.44,184516
-1.5897,0.9002,9.4822,42.44,185016
-1.7298,0.3974,7.9859,42.44,185516
-2.1129,0.5195,9.5984,42.44,186016
-2.1404,0.4705,10.0868,42.44,186516
-2.1811,-0.2514,9.408,42.44,187016
-1.7801,0.3615,8.8753,42.44,187516
-2.1416,0.1664,10.3992,42.44,188016
-1.579,-0.0958,10.6446,42.44,188516
-1.3815,-0.0407,8.2061,42.44,189016
-3.7709,-1.2881,9.2512,54.97,189516
-1.3431,-1.0104,8.6323,54.97,190015
-1.1133,-0.4956,9.7169,54.97,190515
-1.6819,-1.2761,9.8258,54.97,191016
-1.7346,-1.3336,10.4998,54.97,191515
-1.6089,-1.3707,10.4698,54.97,192016
-1.8435,-0.8918,8.9064,54.97,192515
-1.7023,-2.15,8.3797,54.97,193016
-1.992,-1.2821,8.8442,54.97,193516
-1.0343,-1.4066,10.981,54.97,194016
-1.7142,-1.482,9.1961,54.97,194515
-1.9776,-1.6568,7.7907,54.97,195016
-1.5718,-0.6416,11.6897,54.97,195516
-1.9632,-1.798,8.8681,54.97,196016
-1.1217,-1.5431,6.5781,54.97,196515
-1.7633,-1.822,8.7293,54.97,197016
-0.9756,-1.391,9.2943,54.97,197517
-3.2681,-1.8124,9.0956,54.97,198017
-1.3228,-1.7406,9.9024,54.97,198516
-1.7107,-2.1165,8.5389,54.97,199015
-1.3587,-0.6117,9.1566,54.97,199516
-3.7505,-1.2665,13.2854,54.97,200016
-2.6025,-1.7083,9.7025,54.97,200516
-1.8699,-1.5359,9.0405,54.97,201016
-1.7909,-1.6257,8.9818,54.97,201516
-3.8607,-2.4481,8.5796,54.97,202015
-1.7801,-1.7921,10.4447,54.97,202516
-0.9014,-1.5502,7.5657,54.97,203016
-1.9944,-1.9285,8.819,54.97,203516
-2.6001,-2.3894,9.3877,54.97,204015
-0.3388,-1.4928,9.584,54.97,204515
-1.2845,-1.2163,10.3585,54.97,205016
-1.8064,-1.3575,9.3601,54.97,205516
-2.5355,-2.0818,9.0908,54.97,206016
-2.1727,-2.2661,9.0154,53.93,206516
-1.6975,-3.0335,9.2332,53.93,207016
-2.5462,-2.32,8.4851,53.93,207515
-2.2984,-2.8096,9.0752,53.93,208016
-1.919,-2.7126,9.329,53.93,208515
-2.1703,-2.9449,9.2308,53.93,209017
-1.7502,-2.5259,9.1099,53.93,209516
-2.2374,-2.7246,9.244,53.93,210016
-1.7777,-2.5007,8.7807,53.93,210516
-1.5407,-2.6456,9.3278,53.93,211015
-1.8938,-2.6564,8.9004,53.93,211516
-2.071,-2.6444,9.1686,53.93,212016
-2.0734,-2.794,9.6702,53.93,212516
-2.0063,-2.241,9.4068,53.93,213016
-2.0698,-2.7653,9.0525,53.93,213516
-2.0279,-2.648,9.3386,53.93,214016
-2.0518,-1.9321,9.323,53.93,214516
-1.8854,-1.4557,9.5517,53.93,215015
-1.9094,-1.2641,9.4643,13.5,215515
-2.0794,-0.9038,9.6223,13.5,216016
-2.1117,-0.5183,9.3494,13.5,216516
-1.5933,-0.0491,9.4978,13.5,217016
-1.7418,-0.2346,9.5409,13.5,217516
-2.1177,0.182,9.5217,13.5,218017
-1.7561,0.5471,10.2376,13.5,218516
-2.0542,0.7207,10.1778,13.5,219016
-2.6576,-0.0371,9.645,13.5,219516
-1.9405,0.4908,10.2149,13.5,220016
-2.3882,0.1209,9.7432,13.5,220515
-2.3762,-0.5782,8.1977,13.5,221016
-1.7693,-0.3484,9.4224,13.5,221516
-2.0925,-1.1265,9.4858,13.5,222016
-2.6863,-0.6345,9.6822,13.5,222516
-1.9381,-0.6979,9.5409,13.5,223015
-3.5243,0.0299,10.2915,13.5,223516
-1.9082,-0.9804,8.8669,13.5,224016
-2.4193,-2.2613,7.1706,13.5,224516
-2.3296,-0.8009,9.5732,13.5,225016
-1.5514,-0.7709,8.9352,13.5,225516
-2.1847,-0.7602,9.0369,13.5,226017
-2.478,-0.4824,9.1578,13.5,226516
-2.4972,-0.5878,8.7915,13.5,227016
-1.9932,-1.1037,9.2476,13.5,227515
-1.5263,-0.9589,10.0916,13.5,228016
-2.2517,-1.8112,9.4056,13.5,228516
-2.5594,-0.8571,9.7336,13.5,229016
-1.5742,-0.6273,8.8143,53.78,229515
-2.3834,-0.7195,9.3661,53.78,230016
-1.8411,-1.0056,8.9986,53.78,230515
-2.4014,-1.1229,9.2548,53.78,231016
-2.0949,-1.7705,9.3625,53.78,231516
-1.8806,-0.6153,6.9863,53.78,232016
-2.0159,-1.6364,10.7967,53.78,232515
-1.7334,-0.7338,10.003,53.78,233015
-1.8435,-1.33,10.0461,53.78,233516
-1.7131,-0.6788,9.2332,53.78,234016
-1.9429,-1.5275,9.5948,53.78,234515
-2.2398,-1.0511,11.1618,53.78,235016
-2.0818,-1.233,9.6845,53.78,235516
-1.8375,-1.0439,11.1498,53.78,236016
-2.2063,-1.7166,9.5804,53.78,236515
-1.1313,-1.2115,9.9455,53.78,237016
-1.9142,-1.0702,8.9507,53.78,237517
-2.4804,-1.6783,8.1211,53.78,238016
-1.4653,-0.923,9.9323,66.24,238516
-2.4241,-1.7861,9.3003,66.24,239016
-4.5322,-3.978,1.4796,66.24,239516
-1.7394,-0.8703,9.5469,66.24,240016
-1.6017,-1.5419,7.3251,66.24,240516
-2.3188,-1.4892,8.746,66.24,241016
-1.1073,-0.6225,8.758,66.24,241515
-2.5067,-1.9692,9.2895,66.24,242016
-2.1895,-1.4569,9.2033,66.24,242516
-1.6484,-1.4138,9.0561,66.24,243016
-1.634,-1.3982,9.4774,66.24,243516
-1.6197,-0.0754,10.3346,66.24,244016
-1.063,-2.0087,8.7927,66.24,244515
-1.5395,-1.6556,10.167,66.24,245016
-1.6005,-1.4222,9.5972,66.24,245516
-2.0303,-1.7957,9.1782,66.24,246016
-1.6604,-1.3264,10.7236,66.24,246516
-1.8304,-1.3288,8.254,66.24,247016
-1.6053,-1.5814,8.922,66.24,247515
-1.98,-1.5981,8.3594,66.24,248016
-1.6017,-1.1947,8.5461,66.24,248516
-1.6436,-0.6261,9.1004,66.24,249016
-2.5702,-1.5215,8.9388,66.24,249516
-2.1811,-1.8256,9.4212,66.24,250016
-2.8874,-1.075,10.9738,66.24,250515
-2.7557,-1.1157,8.7819,66.24,251016
-2.2745,-1.567,9.1255,66.24,251516
-1.5467,-1.5203,9.3015,66.24,252016
-2.2158,-1.4257,9.3087,66.24,252515
-2.144,-1.4952,8.6981,66.24,253015
-2.4469,-1.8842,8.3031,66.24,253516
-1.7526,-1.7166,8.8861,66.24,254016
-4.4101,-1.5933,9.9084,60.95,254516
-1.5407,-1.4736,8.7113,60.95,255016
-1.907,-1.7585,9.1482,60.95,255516
-0.644,-1.5251,8.9495,60.95,256016
-3.4716,-1.9848,6.9504,60.95,256516
-1.9776,-1.6328,9.0405,60.95,257016
-1.5443,-1.3599,10.0161,60.95,257516
-1.9405,-1.3743,9.2416,60.95,258016
-0.1041,-0.7925,11.4179,60.95,258516
-1.7394,-0.9457,9.2787,60.95,259016
-1.7873,-1.6819,7.7117,60.95,259516
-2.1811,-1.7478,9.9707,60.95,260016
-1.804,-1.7286,11.1725,60.95,260516
-2.5139,-1.6281,8.9998,60.95,261016
-2.2673,-1.5071,10.835,60.95,261516
-1.6316,-1.6436,9.4236,60.95,262016
-1.6592,-0.6967,11.2013,60.95,262516
-1.0451,-1.8938,8.7257,60.95,263017
-1.8052,-1.3396,9.2488,60.34,263516
-1.5431,-1.3551,8.8981,60.34,264015
-0.3759,-1.2115,10.6315,60.34,264515
-1.4748,-1.0127,9.5361,60.34,265015
-2.2924,-1.4054,9.147,60.34,265516
-2.6528,-1.5826,11.2216,60.34,266016
-2.3367,-1.8471,7.4939,60.34,266515
-2.4349,-3.1855,9.3087,60.34,267016
-1.4593,-1.7478,11.655,60.34,267516
-3.049,-1.7131,9.3553,60.34,268016
-1.7478,-1.7585,9.7133,60.34,268516
-2.2649,-2.1452,9.0597,60.34,269016
-1.7837,-1.5969,9.4427,60.34,269516
-2.1452,-1.6077,8.5353,60.34,270016
-1.9728,-1.3671,9.6271,60.34,270516
-1.8423,-1.172,9.3111,60.34,271016
-1.9225,-1.4808,7.5717,60.34,271516
-2.1584,-1.7394,7.7548,60.34,272015
-1.7406,-1.1756,9.1447,60.34,272515
-1.9381,-1.7765,8.6574,60.34,273016
-1.6927,-1.3635,9.8581,60.34,273516
-1.3635,-1.5275,8.9531,60.34,274016
-1.2198,-1.5371,9.1901,60.34,274516
-1.7801,-1.1181,9.092,60.34,275015
-2.8754,-1.0151,7.853,60.34,275515
-2.5702,-1.7789,9.906,60.34,276016
-2.5331,-1.7837,9.3673,60.34,276516
-1.4018,-1.5431,9.8857,60.34,277016
-2.0446,-1.913,8.0302,60.34,277516
-1.5514,-2.0686,9.0704,60.34,278016
-1.5443,-1.749,8.7927,60.34,278516
-0.9792,-2.6588,7.1371,60.34,279016
-1.1779,-2.0099,8.4922,59.26,279515
-1.9022,-2.1021,9.2273,59.26,280016
-1.4377,-1.7454,11.1378,59.26,280516
-1.9225,-1.7837,9.2991,59.26,281015
-1.5,-1.9201,8.8214,59.26,281515
-2.2458,-1.895,9.657,59.26,282016
-1.8232,0.0503,10.319,59.26,282516
-1.6053,-1.7753,10.5524,59.26,283016
-0.5662,-1.5694,9.9479,59.26,283515
-1.312,-1.8052,9.5217,59.26,284016
-1.6544,-1.8603,9.7408,59.26,284516
-1.5095,-1.9237,8.5736,59.26,285016
-2.7366,-1.9944,9.098,59.26,285515
-2.0997,-1.798,9.4475,59.26,286016
-1.8962,-2.059,9.754,59.26,286516
-1.8124,-2.484,9.2584,59.26,287016
-0.9254,-2.4924,8.7089,59.26,287516
-2.053,-2.5977,9.3529,59.26,288016
-1.6508,-2.9556,9.4056,59.26,288516
-1.6233,-2.8671,9.2943,59.26,289015
-1.64,-3.0933,9.1004,36.47,289516
-1.5754,-2.4948,9.8114,36.47,290016
-1.1863,-2.2805,9.0046,36.47,290516
-2.3032,-2.5917,8.0337,36.47,291016
-1.7885,-2.7509,9.2668,36.47,291515
-2.0004,-2.6552,9.2177,36.47,292016
-2.0016,-2.8359,9.4463,36.47,292516
-2.0913,-2.2577,9.6355,36.47,293016
-1.33,-2.3978,8.9699,36.47,293516
-1.6831,-3.0538,10.3597,36.47,294015
-2.0231,-2.557,9.2368,36.47,294516
-2.0207,-2.3355,9.4128,36.47,295016
-1.8064,-2.1093,9.408,36.47,295516
-1.8543,-2.3858,9.2608,36.47,296016
-1.9896,-2.3164,9.317,36.47,296515
-2.4481,-2.2601,8.5234,36.47,297016
-1.9273,-1.9788,9.3841,36.47,297516
-1.9525,-1.9632,9.6043,36.47,298015
-1.8854,-1.8471,9.5289,36.47,298516
-2.1093,-1.8986,9.3721,36.47,299016
-1.9932,-2.0339,9.341,36.47,299516
-2.1129,-2.1751,9.2512,36.47,300016
-2.0183,-1.8244,9.4332,36.47,300516
-2.1476,-1.8866,9.1722,36.47,301016
-1.9357,-1.6939,9.2919,36.47,301516
-1.7095,-2.1272,9.2153,36.47,302015
-2.1344,-2.1033,9.2392,36.47,302516
-2.1093,-1.9908,9.3039,36.47,303016
-1.9094,-2.0063,9.3134,0.76,303516
-2.0099,-1.6664,9.2835,0.76,304016
-2.1416,-1.6257,9.4691,0.76,304516
-2.0554,-1.7358,9.3003,0.76,305016
-2.077,-1.567,9.3757,0.76,305516
-2.0758,-1.5957,9.3051,0.76,306016
-2.1057,-0.844,9.2584,0.76,306516
-1.7645,-0.237,9.2799,0.76,307016
-1.7765,1.0187,9.6738,0.76,307516
-1.8794,1.1337,9.6175,0.76,308016
-1.9561,0.5602,9.7779,0.76,308515
-2.5462,1.0307,9.5086,0.76,309017
-2.1524,-0.7458,8.5521,0.76,309516
-1.8052,0.5291,10.8589,0.76,310016
-1.7095,0.5902,9.4858,0.76,310516
-1.5706,-0.4657,9.3254,0.76,311016
-2.3331,-0.3053,9.4367,0.76,311515
-1.573,0.0814,9.4535,0.76,312016
-1.8256,-0.1329,9.5337,32.04,312516
-1.8771,-0.0144,9.7085,32.04,313016
-1.6747,-0.1544,9.6678,32.04,313516
-1.8759,0.7219,9.3063,32.04,314016
-2.6145,-0.1544,9.8509,32.04,314516
-2.5175,-0.6416,9.9467,32.04,315016
-2.2015,-0.7183,9.2847,32.04,315516
-1.1205,-0.7817,9.3422,32.04,316016
-1.9848,-0.662,9.0237,32.04,316515
-2.2338,-0.1796,10.2903,32.04,317016
-2.8,-1.7849,8.7616,32.04,317515
-0.8715,-1.0403,9.3817,32.04,318016
-2.0207,-1.0367,9.754,32.04,318516
-1.5431,-1.5119,8.6598,32.04,319016
-2.2505,-1.7035,7.847,32.04,319516
-1.5754,-1.4365,9.6702,32.04,320016
-1.7729,-1.4521,11.0468,32.04,320516
-2.7641,-1.409,9.2308,32.04,321016
-1.5538,-1.9369,9.2045,32.04,321515
-2.2805,-1.1839,9.6474,32.04,322016
-2.393,-0.814,8.9148,32.04,322515
-1.2869,-0.9242,9.232,32.04,323016
-1.8495,-1.4425,6.6499,32.04,323516
-1.7238,-0.2741,8.1786,32.04,324016
-2.794,-0.0718,10.4088,32.04,324516
-1.9956,-0.2729,8.6814,32.04,325016
-3.2094,-0.4693,9.2859,32.04,325516
-2.2673,-0.2442,8.9699,32.04,326016
-3.3998,-0.7913,9.9048,32.04,326516
-2.2374,-0.6237,8.9148,32.04,327016
-1.5634,-0.4537,8.5629,32.04,327516
-1.3324,-0.6644,8.5389,32.04,328016
-2.1751,-0.7877,8.8274,63.47,328516
-1.3048,-1.4377,9.9431,63.47,329016
-1.5514,-1.4198,9.59,63.47,329516
-2.3415,-1.2522,8.8597,63.47,330016
-2.3308,-1.5455,9.5217,63.47,330516
-1.5203,-0.3256,10.7105,63.47,331016
-2.1907,-1.1935,9.6738,63.47,331515
-1.907,-1.2929,10.0173,63.47,332016
-0.2717,-1.0343,7.9236,63.47,332516
-1.1444,-1.4269,9.2153,63.47,333016
-1.8735,-1.2546,10.1095,63.47,333516
-2.1931,-1.6915,8.9399,63.47,334016
-1.7681,-1.6233,8.8873,63.47,334516
-2.1883,-1.5874,9.3541,63.47,335016
-1.3276,-1.4174,9.4715,63.47,335516
-1.8387,-1.5706,8.3402,63.47,336016
-1.1612,-1.4557,9.3099,63.47,336515
-2.3571,-1.1456,9.973,63.47,337016
-2.4062,-1.8172,9.4379,63.65,337516
-3.0011,-1.6771,8.26,63.65,338016
-1.9716,-1.3048,9.3649,63.65,338516
-1.7178,-1.4509,9.2524,63.65,339016
-3.456,-1.7597,9.8438,63.65,339516
-1.3336,-1.4892,9.068,63.65,340016
-2.1129,-1.2151,7.2377,63.65,340516
-2.0435,-0.5399,8.8406,63.65,341015
-2.2206,-0.9481,7.7512,63.65,341516
-3.0382,-0.6069,10.9152,63.65,342016
-1.8639,-1.5766,9.3625,63.65,342516
-0.972,-0.844,10.1059,63.65,343015
-1.7442,-1.5131,9.8426,63.65,343515
-1.1803,-1.2893,9.1901,63.65,344016
-2.2673,-1.7262,9.6415,63.65,344516
-2.3128,-1.719,9.4679,63.65,345016
-1.8794,-1.8579,9.7312,63.65,345516
-1.4653,-2.1177,8.4324,63.65,346016
-1.8866,-2.0638,9.4056,63.65,346516
-1.0618,-0.8308,11.8609,63.65,347016
-1.4365,-1.8447,8.825,63.65,347515
-1.0331,-1.1648,10.2292,63.65,348016
-1.6496,-1.9549,8.9783,63.65,348516
-1.889,-1.318,9.4499,63.65,349016
-1.9345,-1.0702,9.262,63.65,349516
-2.1117,-2.0291,8.3031,63.65,350015
-1.555,-1.5981,8.9783,63.65,350516
-2.0482,-1.883,8.6598,63.65,351016
-2.1177,-2.7414,6.4727,63.65,351515
-2.0039,-1.6723,9.5732,63.65,352016
-2.0351,-2.2386,9.4894,63.65,352516
-3.2597,-2.8371,9.663,63.65,353015
-2.1189,-1.9034,9.4631,58.03,353516
-1.5921,-1.8435,9.7241,58.03,354016
-2.6396,-1.3707,9.3027,58.03,354515
-2.654,-1.8735,9.6714,58.03,355016
-1.1935,-2.059,10.9834,58.03,355516
-2.2673,-1.573,9.2524,58.03,356016
-1.7119,-2.2913,8.8047,58.03,356515
-1.9501,-2.3715,9.821,58.03,357016
-1.4988,-2.8204,8.9567,58.03,357515
-2.0554,-2.8754,9.827,58.03,358016
-1.7801,-0.9637,13.453,58.03,358515
-2.3523,-1.8507,10.1179,58.03,359015
-1.4808,-3.304,9.3482,58.03,359516
-1.8735,-2.8742,9.098,58.03,360016
-1.9357,-2.5726,9.1255,58.03,360516
-2.0423,-2.4732,9.4403,58.03,361016
-1.8878,-2.3296,9.2213,58.03,361515
-1.9752,-1.7358,10.0736,58.03,362016
-1.8328,-2.7928,9.4727,32.9,362516
-1.9429,-2.5953,8.4827,32.9,363016
-1.8208,-2.2374,9.3506,32.9,363516
-1.7166,-2.6767,9.4739,32.9,364016
-1.798,-2.6085,9.1901,32.9,364516
-2.0004,-2.6875,8.825,32.9,365016
-1.8064,-3.0598,9.2428,32.9,365516
-1.2354,-2.9987,8.8478,32.9,366016
-1.907,-2.9592,9.5684,32.9,366516
-2.0997,-2.6552,9.4284,32.9,367015
-1.7466,-2.7964,9.0609,32.9,367516
-1.9201,-2.9341,9.2404,32.9,368016
-1.7957,-2.2972,9.3338,32.9,368516
-1.8818,-2.1787,9.2656,32.9,369017
-1.8675,-2.241,9.3482,32.9,369516
-1.8196,-1.8794,9.5217,32.9,370016
-1.7298,-1.8399,9.2033,32.9,370516
-1.9716,-1.6281,9.3649,32.9,371016
-1.9345,-1.8723,9.1135,32.9,371516
-1.9261,-1.5886,9.4511,32.9,372016
-1.9573,-1.488,9.3829,32.9,372516
-2.0159,-1.555,9.3972,32.9,373015
-1.8064,-1.5107,9.3541,32.9,373516
-1.8723,-1.6723,9.2428,32.9,374016
-1.8747,-1.5909,9.3182,32.9,374516
-1.8926,-1.5993,9.3122,32.9,375016
-1.9884,-1.5634,9.3254,32.9,375515
-1.8783,-1.47,9.4284,32.9,376015
-1.822,-1.4293,9.3518,32.9,376516
-1.9585,-1.5574,9.3865,32.9,377016
-1.9656,-1.4246,9.4391,32.9,377516
-1.9561,-1.4952,9.4523,32.9,378016
-1.8603,-1.5287,9.347,0,378515
-1.8663,-1.5586,9.3362,0,379016
-1.8914,-1.5754,9.3913,0,379516
-1.8447,-1.6448,9.2991,0,380016
-1.9142,-1.579,9.2548,0,380516
-2.1679,-0.9433,9.566,0,381016
-1.8926,-0.8894,9.5122,0,381515
-1.8986,0.5327,9.6151,0,382016
-2.0818,0.3017,9.6235,0,382516
-2.1632,0.0096,9.7049,0,383016
-2.0327,0.2729,7.8877,0,383516
-2.4995,0.6177,9.651,0,384015
-2.6193,0.346,9.973,0,384516
-1.8794,0.2203,9.7791,0,385016
-2.0626,0.2251,8.9866,0,385516
-1.2222,0.5219,9.9515,0,386375
-1.6891,0.2777,9.1375,0,386874
-2.2374,-0.2227,9.584,0,387375
-1.3838,-0.6129,9.5014,0,387875
-1.9094,0.2622,10.0353,0,388375
-2.4457,-0.1389,8.3127,0,388874
-2.1775,-0.3005,10.0257,0,389375
-1.5838,-0.7482,9.5026,0,389875
-2.2039,-0.395,10.3489,0,390374
-1.0044,-0.2454,9.8833,0,390875
-1.9716,-0.9457,10.1742,0,391375
-1.646,-0.6009,10.246,0,391875
-1.8244,-0.9445,9.1925,0,392375
-1.9453,-1.069,9.9048,0,392875
-0.9457,-0.7219,8.7556,0,393375
-0.9924,-1.4509,9.4176,0,393875
-2.0027,-1.2546,10.4267,56.63,394375
-1.7729,-1.0618,8.8502,56.63,394875
-2.1943,-0.9349,9.4942,56.63,395375
-3.073,-1.9597,12.5732,56.63,395875
-1.3575,-0.2993,8.5617,56.63,396375
-2.0315,-1.1887,8.7185,56.63,396875
-1.6843,-0.7961,9.7695,56.63,397375
-2.1129,-1.579,9.4463,56.63,397875
-1.3168,-1.3946,8.9878,56.63,398375
-2.3511,-1.5742,9.5217,56.63,398874
-2.1739,-1.2821,9.9671,56.63,399375
-0.972,-1.1899,9.6199,56.63,399875
-1.7274,-1.2761,9.7875,56.63,400374
-1.7442,-1.4676,9.596,56.63,400875
-1.9154,-1.4976,8.4025,56.63,401374
-1.907,-1.148,9.9,56.63,401875
-1.9585,-1.1875,9.4607,56.63,402374
-1.8244,-0.4896,9.9347,56.63,402875
-1.9992,-1.4808,9.6067,56.63,403374
-2.5127,-0.3891,8.7329,56.63,403875
-2.0865,-1.0463,9.6989,56.63,404375
-1.9788,-1.7549,9.3051,56.63,404875
-2.2601,-1.64,9.6642,56.63,405375
-2.1476,-0.9038,10.835,56.63,405875
-1.482,-0.9026,9.3589,56.63,406375
-2.3164,-1.0092,9.1016,56.63,406875
-2.0638,-1.7789,9.4846,56.63,407374
-1.6735,-1.0762,9.0549,56.63,407875
-1.6101,0.6081,10.6734,56.63,408374
-2.1392,-1.1157,9.8785,56.63,408875
-2.1787,-1.8184,10.1107,56.63,409375
-2.0399,-1.476,8.2061,56.63,409875
-1.3755,-0.8128,9.1842,56.63,410375
-1.2306,-1.4461,9.147,56.63,410875
-1.6233,-1.4904,8.8969,67.36,411375
-1.9884,-0.9756,11.7436,67.36,411875
-2.466,-1.7992,8.6658,67.36,412375
-3.45,-2.4529,7.185,67.36,412875
-1.4533,-1.3084,9.4619,67.36,413375
-1.336,-1.7071,9.1219,67.36,413875
-3.0825,-2.4385,7.0677,67.36,414375
-2.3918,-0.9529,10.8362,67.36,414875
-0.8894,-2.1727,7.4855,67.36,415375
-1.9968,-1.9441,10.4974,67.36,415875
-2.3978,-1.6221,9.8318,67.36,416375
-1.6771,-1.5802,9.3649,67.36,416875
-2.3978,-1.7633,10.2759,67.36,417375
-0.7195,-1.2833,10.3872,67.36,417875
-1.9788,-1.1289,10.5129,67.36,418375
-2.885,-2.0351,8.9878,67.36,418875
-2.6731,-2.247,12.0021,67.36,419375
-4.0701,-2.1344,7.4232,67.36,419875
-3.4656,-2.4349,7.0294,67.36,420375
-1.8375,-0.7063,9.8749,67.36,420875
-2.144,-1.476,10.1382,67.36,421375
-1.5718,-1.33,9.7743,67.36,421874
-2.3595,-1.0666,9.3685,67.36,422375
-2.0554,-1.2629,9.6343,67.36,422875
-2.0506,-1.3336,5.7221,67.36,423375
-1.6161,-1.4593,8.2133,67.36,423875
-2.32,-1.9405,10.0533,67.36,424375
-1.3312,-1.0427,11.9387,67.36,424874
-0.6596,-0.9756,8.3091,67.36,425374
-1.4617,-1.0223,9.1889,67.36,425875
-0.9912,-1.8459,9.4128,67.36,426375
-2.2984,-1.7334,8.193,67.36,426874
-1.2139,-0.8799,9.3182,65.2,427375
-2.4972,-1.8699,10.5656,65.2,427875
-1.4952,-1.7693,7.1431,65.2,428374
-2.3571,-1.1301,10.3011,65.2,428875
-1.7382,-0.8404,9.1135,65.2,429375
-2.296,-1.5179,9.5253,65.2,429875
-2.0135,-1.2893,8.9136,65.2,430375
-1.5814,-0.7434,9.6295,65.2,430875
-2.5534,-0.6512,9.8366,65.2,431375
-2.1715,-0.9469,9.2021,65.2,431875
-1.421,-0.7649,9.9108,65.2,432375
-2.4995,-0.9708,10.0772,65.2,432875
-2.0087,-1.0032,8.6586,65.2,433375
-1.889,-1.6269,9.7779,65.2,433875
-2.4193,-0.5447,10.3801,65.2,434375
-2.1404,0.0419,8.6491,65.2,434875
-2.2781,-1.4305,9.4798,65.2,435374
-2.0387,-1.5886,9.098,65.2,435875
-1.9716,-1.5526,10.3382,65.2,436375
-1.6161,-1.8316,8.6335,65.2,436875
-2.2541,-1.7945,8.661,65.2,437375
-2.0961,-1.6532,9.7145,65.2,437875
-2.0315,-1.6759,9.0896,65.2,438375
-2.1679,-1.494,10.3286,65.2,438875
-2.3403,-1.6747,9.4727,65.2,439375
-2.1584,-1.5526,10.2017,65.2,439875
-2.49,-1.5574,9.6786,65.2,440375
-1.567,-1.3503,9.347,65.2,440875
-3.0801,-0.9888,8.855,65.2,441375
-2.0027,-1.4317,8.8897,65.2,441875
-1.7957,-1.3408,10.1215,65.2,442375
-2.1955,-2.0016,8.7125,65.2,442875
-2.3128,-1.488,8.74,63.25,443375
-2.4672,-1.4988,8.2337,63.25,443875
-1.9166,-1.7334,9.9874,63.25,444375
-1.8064,-1.5167,9.3733,63.25,444875
-1.5083,-1.6843,8.7891,63.25,445375
-1.8088,-1.6233,9.3063,63.25,445875
-1.3312,-2.2817,8.2911,63.25,446375
-2.648,-1.5155,8.764,63.25,446875
-1.7514,-1.8627,9.9491,63.25,447375
-1.8507,-1.3731,9.7193,63.25,447875
-1.9884,-1.3623,9.2991,63.25,448375
-1.6233,-1.652,7.9021,63.25,448875
-1.6723,-1.4688,9.669,63.25,449375
-2.1775,-1.4784,9.4008,63.25,449875
-1.9932,-1.6496,9.5469,63.25,450375
-2.2805,-1.397,10.0257,63.25,450875
-1.6879,-1.4246,9.0249,63.25,451375
-1.2977,-1.5562,8.8083,63.25,451874
-2.1955,-1.3635,9.5062,61.92,452374
-1.1384,-1.0163,9.3589,61.92,452875
-1.8364,-1.7573,8.6718,61.92,453374
-1.7214,-1.4653,9.2476,61.92,453875
-2.3463,-1.8771,7.8195,61.92,454375
-1.7418,-1.3431,8.6072,61.92,454875
-1.7753,-1.4473,9.9551,61.92,455375
-2.2362,-1.6209,9.3937,61.92,455875
-1.9022,-1.579,6.5553,61.92,456375
-3.4524,-2.0985,10.738,61.92,456875
-2.2158,-1.3288,8.4767,61.92,457375
-2.0111,-1.6125,9.3051,61.92,457875
-2.332,-1.3491,8.8214,61.92,458374
-1.2055,-1.6688,8.3606,61.92,458875
-1.4449,-1.6113,9.1243,61.92,459375
-1.7166,-1.731,8.0673,61.92,459875
-2.1536,-1.494,9.7085,61.92,460375
-2.2326,-1.2689,9.1842,61.92,460875
-2.5295,-1.3611,8.9244,61.92,461375
-2.2757,-1.731,8.4443,61.92,461875
-3.9205,-2.8826,7.0342,61.92,462375
-1.409,-2.1093,8.5677,61.92,462875
-1.3467,-0.893,9.4128,61.92,463375
-1.8447,-0.8116,9.7085,61.92,463875
-1.6915,-0.3531,10.4399,61.92,464375
-2.7234,-2.0207,9.5205,61.92,464875
-1.6053,-0.6512,10.1634,61.92,465375
-1.5826,-0.5004,9.2105,61.92,465875
-2.3834,-1.4341,9.159,61.92,466375
-2.5343,-1.2486,8.7819,61.92,466875
-1.2725,-1.3108,9.0237,61.92,467374
-1.4102,-1.2534,10.1119,61.92,467875
-2.2446,-1.5634,8.4013,64.76,468375
-1.2486,-1.9561,10.8062,64.76,468875
-2.6001,-1.16,9.918,64.76,469375
-1.9908,-1.4784,9.5098,64.76,469875
-2.3487,-1.4413,9.5565,64.76,470375
-1.5227,-0.9673,9.0082,64.76,470875
-1.2186,-0.9816,8.7185,64.76,471374
-1.4928,-1.3408,8.6969,64.76,471876
-1.6676,-1.6676,6.0513,64.76,472374
-2.624,-1.9692,9.6905,64.76,472875
-1.3659,-1.4916,8.6467,64.76,473375
-2.6264,-1.5754,9.2368,64.76,473874
-1.8028,-1.5814,9.3242,64.76,474375
-2.8455,-1.2426,7.6076,64.76,474875
-0.8787,-1.2462,10.4914,64.76,475375
-0.3699,-1.0151,8.9615,64.76,475875
-1.4006,-0.3627,10.337,64.76,476375
-3.717,-1.403,12.6833,64.76,476875
-1.4497,-1.4006,7.3334,64.76,477375
-1.6161,-1.9261,7.7021,64.76,477875
-0.3376,-1.4796,9.7636,64.76,478375
-1.2929,-1.6197,8.7376,64.76,478874
-3.3986,-2.0351,10.2568,64.76,479375
-1.2845,-1.1612,9.3925,64.76,479875
-1.8794,-1.5299,8.7903,64.76,480375
-2.0435,-1.1408,10.7368,64.76,480875
-1.2629,-2.4792,6.6116,64.76,481375
-3.5422,-1.7729,9.2536,64.76,481875
-2.5546,-1.4377,9.5636,64.76,482374
-2.0267,-0.5495,9.1411,64.76,482875
-2.0327,-1.6867,9.7456,64.76,483375
-3.6655,-1.3874,8.2492,64.76,483875
-2.3511,-1.318,8.9842,68.47,484375
-1.6412,-1.7585,8.4443,68.47,484875
-1.3455,-1.3431,9.1542,68.47,485376
-1.6975,-1.5538,10.2963,68.47,485874
-1.8866,-1.5467,8.4946,68.47,486375
-2.0865,-1.4629,9.6438,68.47,486875
-1.9956,-1.3084,9.6869,68.47,487375
-1.9345,-1.8447,9.1698,68.47,487875
-1.1588,-1.4724,8.4132,68.47,488375
-1.8627,-1.6855,10.1658,68.47,488875
-1.1516,-2.1823,9.3733,68.47,489375
-1.1899,-1.5335,8.2744,68.47,489875
-1.3132,-1.8375,9.3613,68.47,490375
-1.585,-1.9788,10.3753,68.47,490875
-1.6927,-1.7142,9.7911,68.47,491375
-2.3164,-1.8375,8.6706,68.47,491875
-2.2063,-1.9908,9.6977,68.47,492374
-2.0147,-2.144,8.2552,68.47,492875
-2.132,-1.883,9.5624,58,493375
-2.5055,-2.3978,8.9591,58,493875
-2.4337,-1.8699,7.7859,58,494375
-2.0662,-2.4588,7.6303,58,494875
-2.2063,-2.879,8.1032,58,495375
-2.2589,-3.2358,8.8035,58,495875
-2.0913,-3.2513,9.1949,58,496375
-2.0746,-2.2003,8.9639,58,496875
-1.834,-2.8323,9.6714,58,497376
-2.988,-2.9784,7.4567,58,497875
-1.6137,-2.6432,9.4224,58,498375
-2.0339,-3.3435,9.2153,58,498875
-2.0506,-2.6228,10.1526,58,499375
